{
  "total_return_pct": -0.005418184644045976,
  "win_rate": 50.0,
  "max_drawdown_pct": 0.04588956182966886,
  "trades": [
    {
      "entry_time": 1761842219160,
      "entry_price": 162977448.0,
      "exit_time": 1761842274593,
      "exit_price": 163043437.5,
      "pnl": 0.0004048995784987381
    },
    {
      "entry_time": 1761847256825,
      "entry_price": 162699309.0,
      "exit_time": 1761847319583,
      "exit_price": 162624647.0,
      "pnl": -0.0004588956182966948
    }
  ]
}